{
  "pan_tilt_model": {
    "Mp": [
      -57.61321036170626,
      -23.238613980757737,
      136.69855219403777
    ],
    "Mt": [
      65.75160846616009,
      -59.783304505517854,
      63.46356536856114
    ]
  },
  "depth_calib": {},
  "meta": {
    "timestamp": 1767589123.509393
  }
}